"","baseMean","log2FoldChange","lfcSE","pvalue","padj"
"AFUB_003610-T",1306.88213969791,-4.90695420458523,0.293454048515628,4.87558562083194e-64,4.67519905181575e-60
"AFUB_033620-T",737.60144761756,-6.20518357518323,0.42177369906201,2.77394079433958e-50,1.32996591384611e-46
"AFUB_063960-T",22296.6687419645,-3.78263258526657,0.287968683489317,1.86897677121114e-40,5.97387275304789e-37
"AFUB_081740-T",4246.9687176713,-3.81491556266872,0.303749227143826,1.77917939067433e-37,4.26513779429403e-34
"AFUB_017380-T",9209.71294776872,-3.66732741473195,0.294199573741623,5.68503814138179e-37,1.0902766147542e-33
"AFUB_000050-T",728.136520890715,-4.03892355748542,0.329266363732787,5.46924193631335e-36,8.74076015455145e-33
"AFUB_070460-T",3467.77151639306,-3.32328592480568,0.272747745943863,1.96673446770021e-35,2.69414525868247e-32
"AFUB_071540-T",2387.65120338906,5.10613891005613,0.427274611669415,3.44376661198854e-34,4.12778475529477e-31
"AFUB_071569-T",3928.6024302523,4.26357094369095,0.360911947381366,1.76528821036792e-33,1.88081651657978e-30
"AFUB_000340-T",1639.24294725919,-3.0047851391451,0.264309105995999,3.32416211139102e-31,3.18753904861285e-28
"AFUB_092090-T",96051.2026389246,4.72313758453016,0.416827033974524,5.28071599011425e-31,4.6033441481096e-28
"AFUB_049700-T",540.216543403388,-4.80886476129357,0.434179124279481,8.9057197552585e-30,7.11641222776448e-27
"AFUB_071550-T",2010.30528347458,4.31351343375322,0.397907827492714,1.19394276916809e-28,8.80670554888676e-26
"AFUB_080970-T",1398.29873498836,-2.85890767027282,0.276413892776178,2.48882533495225e-26,1.70466758120408e-23
"AFUB_000060-T",445.551175025503,-4.18765312288757,0.420164304758852,9.20449974863001e-25,5.88412987264088e-22
"AFUB_085360-T",944.606954021828,-3.3133340262211,0.339884094289337,9.91272311952328e-24,5.9408188745693e-21
"AFUB_044940-T",279.465695056389,-4.71851901618506,0.486961361361145,2.12216025648617e-23,1.19702321761446e-20
"AFUB_047590-T",4048.65859887302,-3.3051522743315,0.365053664610088,8.41976864960643e-21,4.48539786561534e-18
"AFUB_078970-T",7323.07623680264,-2.76395440324106,0.309759789228257,2.45805955936201e-20,1.24054384814328e-17
"AFUB_090430-T",2687.77694523115,-2.60444600303581,0.297148762248017,1.04959035096998e-19,5.03226093772559e-17
"AFUB_046440-T",985.49271669585,-2.86570189462384,0.345574185118744,6.13258368749731e-18,2.80025452282913e-15
"AFUB_100720-T",2806.22602012137,-2.24929984935447,0.272278829015566,9.9853346233536e-18,4.35224425924262e-15
"AFUB_094630-T",4182.98778481852,-2.35945115224674,0.287791840691191,1.3797646484012e-17,5.75241878848656e-15
"AFUB_000690-T",6634.73230894004,-3.24033776516493,0.396336892424421,1.53022850690946e-17,6.11390048031451e-15
"AFUB_071560-T",5057.25952284668,4.33966903413812,0.535249262629062,2.61728894842617e-17,1.00388734905834e-14
"AFUB_017480-T",161.760649594079,-3.29698672747718,0.41184947791877,7.15815005553158e-17,2.63998080317278e-14
"AFUB_092070-T",2937.34386372572,2.42305361156578,0.30305167212555,7.75673560909996e-17,2.75479028724665e-14
"AFUB_080880-T",74.7354103974259,-4.11420951186942,0.541217906536445,2.67990568834091e-15,9.13766649816458e-13
"AFUB_084540-T",5041.99126940184,-2.59962320065193,0.345389019136261,2.83033125683465e-15,9.13766649816458e-13
"AFUB_006090-T",6756.14287406774,-2.37017103021889,0.314745121156521,2.85879648498214e-15,9.13766649816458e-13
"AFUB_047110-T",241.682967351356,-3.08736414130339,0.411926218900195,3.74257563688874e-15,1.15766315426213e-12
"AFUB_081750-T",656.969868433248,-2.59157475575679,0.349273612822947,6.27723908317552e-15,1.88101392401781e-12
"AFUB_046450-T",657.081927717497,-4.53416269839586,0.616283764573458,7.47594949664119e-15,2.17232968858462e-12
"AFUB_099400-T",16037.2846703892,-2.4909765552631,0.340693991067155,1.44996221887763e-14,4.08931991671106e-12
"AFUB_031740-T",12122.2560383684,-1.85914530565055,0.254413748319456,1.92138350710403e-14,5.26404184274874e-12
"AFUB_003560-T",5264.48587754942,-2.95219977121772,0.412446912515754,4.01705703789628e-14,1.06998777601076e-11
"AFUB_080890-T",1727.42206753345,-2.43421095172247,0.341356954363005,5.47495618467541e-14,1.41890148256358e-11
"AFUB_095200-T",208.154713902796,-2.56643733833243,0.362161991751365,7.113328299086e-14,1.79499223841936e-11
"AFUB_041670-T",1265.59680572244,3.16965415553121,0.454199288418653,1.53688731444949e-13,3.77877242519389e-11
"AFUB_049200-T",4401.96966953211,-3.05997842179849,0.444343675612735,2.86355746993746e-13,6.86466314480758e-11
"AFUB_047980-T",96.0722536764526,-2.76666514595346,0.405452460957966,5.52148329065693e-13,1.29135373839291e-10
"AFUB_071880-T",2181.56718952745,-2.46702230615748,0.364171611911434,7.10938199094815e-13,1.62313961693338e-10
"AFUB_091720-T",13901.5767685434,-2.03671666530983,0.30212165472495,8.85224117255188e-13,1.97404978147907e-10
"AFUB_003620-T",121.350037390644,-3.52382627857225,0.526801732188656,9.30936627230379e-13,2.02880711784366e-10
"AFUB_045800-T",1846.62836292309,-2.67234075243375,0.398062036037899,9.66829738710693e-13,2.06020674766596e-10
"AFUB_094850-T",1843.5174681703,-1.94060190396933,0.289961171763539,1.44394512011642e-12,2.98082308035595e-10
"AFUB_010660-T",117.078214087524,-2.88944344625378,0.434732072769646,1.46103540282334e-12,2.98082308035595e-10
"AFUB_046390-T",2121.50623509145,-2.02226937116052,0.309172822422484,3.7404947623566e-12,7.47241755754946e-10
"AFUB_100430-T",2837.1200893404,-2.09519532086949,0.322857378836687,5.09453393293093e-12,9.96969099650503e-10
"AFUB_044950-T",479.699817493943,-2.75942099149772,0.432673173213748,8.98178673389161e-12,1.72252705982573e-09
"AFUB_018330-T",1017.6734793715,-2.06200714375849,0.322498521520722,9.5066459690744e-12,1.78743584700891e-09
"AFUB_051820-T",5262.94520700611,-1.65191297690731,0.258481750734911,1.32052699640623e-11,2.43510257087295e-09
"AFUB_018320-T",2444.37665492232,-1.7802063338247,0.279930941034941,1.34717693589949e-11,2.43737351666796e-09
"AFUB_030160-T",1082.97747249996,-1.78678835719066,0.283650755677357,1.98499763222964e-11,3.52484116582407e-09
"AFUB_077850-T",34799.6136576949,-1.91959064634215,0.305565102269337,2.07411747981558e-11,3.61612954799120e-09
"AFUB_091650-T",8169.7754535466,-1.54063191959716,0.244955135237184,2.38831756036863e-11,4.08956733685264e-09
"AFUB_055560-T",3250.72391845038,-1.88224533869332,0.303071617048994,3.32585831344901e-11,5.59502725748466e-09
"AFUB_060890-T",5400.81262764368,-1.99226017455127,0.324144159823544,4.77629447028544e-11,7.89653235785639e-09
"AFUB_095070-T",700.127067459227,-3.59122631629698,0.591145886210699,5.32991749685164e-11,8.6624709961543e-09
"AFUB_041370-T",3253.34601613559,2.0849352306873,0.340750864338664,6.10848641502622e-11,9.76237937228106e-09
"AFUB_050800-T",410.979150758376,-1.64963110819181,0.278880726222375,2.33445762413595e-10,3.66969084554748e-08
"AFUB_000020-T",446.572019054181,-1.47157948475453,0.259246857419384,1.06258977554927e-09,1.64341505770032e-07
"AFUB_049120-T",13033.9789830566,-1.74418399282263,0.311419771763263,1.28255733438666e-09,1.95213369514821e-07
"AFUB_079760-T",658.380648074033,2.54771286507829,0.45907389805961,1.54657560137347e-09,2.31720522524535e-07
"AFUB_000370-T",316.250648904669,-2.30243194303695,0.415343913955941,1.64930404717908e-09,2.43310407821542e-07
"AFUB_086630-T",108.331022724521,3.8931603953565,0.706268625384246,1.68585383598919e-09,2.44934127777278e-07
"AFUB_060870-T",1532.88907389623,-1.94912596271584,0.354189182216427,2.22316430829309e-09,3.18177948540633e-07
"AFUB_017840-T",6447.31673351683,-2.20665936171969,0.405006183942159,2.77796933357384e-09,3.91734528524111e-07
"AFUB_093140-T",4438.60798108798,-1.95392352269563,0.357950689130761,3.18285422850862e-09,4.42324481118393e-07
"AFUB_081630-T",623.031935856547,-2.01367407234895,0.37048287502616,3.25693642840339e-09,4.46153763028002e-07
"AFUB_038780-T",3321.04332598293,-1.6973438952374,0.311883825219223,3.50554198202033e-09,4.72458084762902e-07
"AFUB_057560-T",7786.72775463435,-2.1842278015716,0.405199641179886,3.54750048002179e-09,4.72458084762902e-07
"AFUB_049210-T",202.898092179266,-3.12816645890436,0.587914466931244,4.88511243632636e-09,6.41689632218267e-07
"AFUB_000630-T",32960.1145749054,-1.48194773084454,0.275037735756386,5.35340413802649e-09,6.93699895669406e-07
"AFUB_000040-T",1887.13661579862,-1.65351575514912,0.30826616421471,5.50506669728202e-09,7.0384112746983e-07
"AFUB_092120-T",5171.0905142216,2.05909571529789,0.38606163079401,6.10832486301616e-09,7.70693777782394e-07
"AFUB_085070-T",617.723061941298,-1.77257042136907,0.332498079401778,6.24815049783047e-09,7.78097599009044e-07
"AFUB_089270-T",9319.16419578468,-1.48141677078939,0.276923209196492,6.8489737495505e-09,8.41984734415894e-07
"AFUB_047700-T",2983.62924433494,-1.52322188077309,0.287221660741051,8.18397474441691e-09,9.93368782584984e-07
"AFUB_070780-T",481.110649680497,-1.60653747513503,0.304603160123121,9.21629011531618e-09,1.09841959892022e-06
"AFUB_071530-T",940.855892932296,3.90701501910194,0.753109220441365,9.27854703436622e-09,1.09841959892022e-06
"AFUB_066070-T",4203.46067849474,-1.52139010858163,0.289182774185265,9.61817234496492e-09,1.12473969043742e-06
"AFUB_084490-T",2529.27727291935,-1.81440055281283,0.346672767645942,1.01953539819699e-08,1.17787047389289e-06
"AFUB_070960-T",199.953834494692,-1.56352483162825,0.29915854599625,1.24540285533636e-08,1.42168666426433e-06
"AFUB_051830-T",1549.61014130497,-2.54462226396152,0.498279696450589,1.50030106818808e-08,1.69251611092417e-06
"AFUB_028410-T",2420.87053512352,-2.69913797566522,0.52844823285192,1.56423243089386e-08,1.74411916044665e-06
"AFUB_006520-T",162.066590258795,-1.856613484105,0.363075899002756,1.9500168221746e-08,2.1492771618198e-06
"AFUB_099620-T",128.903313937378,-2.11152319856821,0.41560199695664,2.02705388653447e-08,2.2087976952249e-06
"AFUB_000230-T",235.626030715477,-2.55950876285728,0.510325348884611,2.68760469754545e-08,2.89566757806329e-06
"AFUB_090270-T",1617.24259387174,-1.33175794714145,0.2612348749888,2.891922962135e-08,3.08118325376806e-06
"AFUB_087290-T",1851.97121917809,-2.79790600277959,0.563015009870816,3.07234478131747e-08,3.23744111077508e-06
"AFUB_046760-T",1606.04539848378,-2.39744434259665,0.482594937418016,3.30261574755068e-08,3.41019950314057e-06
"AFUB_097670-T",7485.89248685064,-1.66711338738332,0.331743526620914,3.30742052134813e-08,3.41019950314057e-06
"AFUB_009040-T",3326.08853080402,-1.67980061441868,0.335963430170231,3.75673679220116e-08,3.83227118089542e-06
"AFUB_098030-T",7848.88826009541,-1.6677827051247,0.339795742323846,5.98781232585606e-08,6.02474957024299e-06
"AFUB_013300-T",64.9363182740382,-2.92683900515834,0.605848120970888,6.03166084829833e-08,6.02474957024299e-06
"AFUB_073440-T",8019.26604423589,-2.29373588516197,0.480350004442254,9.08067803470645e-08,8.97676512111341e-06
"AFUB_013960-T",4692.43565783218,-1.25741617110026,0.259622703868002,1.13829528760466e-07,1.11378709314705e-05
"AFUB_102100-T",75.05356905417,-1.86394148517357,0.392037760947256,1.24957017344248e-07,1.21031599930706e-05
"AFUB_033560-T",52.8109624058522,-2.33175438575461,0.496013046798712,1.35113769162328e-07,1.29560593249756e-05
"AFUB_071690-T",1948.91828332781,1.90501390492029,0.401800886965391,1.4127689615635e-07,1.34129124479529e-05
"AFUB_095510-T",1899.90672670467,-1.51723200138692,0.319840024245115,1.49065783151892e-07,1.40136450455245e-05
"AFUB_054870-T",2151.95563487786,-2.28695073241024,0.489157554995233,1.51939739467472e-07,1.41451472014911e-05
"AFUB_035460-T",3328.40842810842,1.81763792245261,0.38532330633143,1.58629562956161e-07,1.46259507614099e-05
"AFUB_021050-T",7041.06148053692,2.26447833214179,0.483343429219812,1.66861610289116e-07,1.52384379148794e-05
"AFUB_018340-T",4861.43611699779,-2.24913744029128,0.484162628539364,1.72418277571934e-07,1.55973477701629e-05
"AFUB_052260-T",3091.32484280896,-1.59481787817338,0.339532356761929,1.77056391977128e-07,1.58672312398942e-05
"AFUB_013540-T",2662.28610685608,-1.69544937181163,0.362042180126528,1.85557575624432e-07,1.63838298724319e-05
"AFUB_045150-T",192.219506211319,2.05819579592524,0.442500651024697,1.86238132870485e-07,1.63838298724319e-05
"AFUB_045630-T",177.802720256716,2.59570673992044,0.562129057483313,1.90704043622658e-07,1.66241915845243e-05
"AFUB_039980-T",910.666081366202,-1.71920193174128,0.369290341792677,2.04501588968453e-07,1.76264195241679e-05
"AFUB_084500-T",49.8305715220992,-2.16003481465255,0.465002274719481,2.07230037557563e-07,1.76264195241679e-05
"AFUB_040480-T",8288.19034869659,-1.48792811934952,0.319053663504259,2.09410372102786e-07,1.76264195241679e-05
"AFUB_098170-T",31970.5617479028,-1.96731913133545,0.429628646277646,2.11039794616397e-07,1.76264195241679e-05
"AFUB_079800-T",3307.39851997491,1.36156738991177,0.289432705896645,2.11392037259287e-07,1.76264195241679e-05
"AFUB_045140-T",583.747565767889,2.08943053658461,0.454353436214575,2.46489995973155e-07,2.03757980291947e-05
"AFUB_035470-T",2315.79824277258,1.51900800716599,0.328022521427377,2.66525125784369e-07,2.18436703516779e-05
"AFUB_100380-T",900.233657169461,-2.27734325239995,0.502143102710014,2.94648705780976e-07,2.39439528790999e-05
"AFUB_073450-T",325.213600245227,-1.65925338324851,0.365754956165134,3.70752344367506e-07,2.98751615978153e-05
"AFUB_092260-T",3301.49550665235,-1.40104034369844,0.307611573975173,3.87026773126159e-07,3.09266643958895e-05
"AFUB_017790-T",11662.0199431782,-2.16050753665283,0.482952083590879,3.93127434874546e-07,3.10954321154081e-05
"AFUB_029760-T",711.996361242688,1.64478046637156,0.363194614491084,3.96961556497679e-07,3.10954321154081e-05
"AFUB_101210-T",354.684521216619,1.72888469693526,0.382649923874079,3.98867259380039e-07,3.10954321154081e-05
"AFUB_044760-T",337.826797384807,1.9894902436478,0.445127123972898,4.59467701091723e-07,3.54181990744363e-05
"AFUB_071170-T",8162.9147546846,-1.13135516400124,0.246790931829852,4.61703502378198e-07,3.54181990744363e-05
"AFUB_072570-T",1044.15892815955,-1.43394625481723,0.318425098891872,4.99893544854194e-07,3.80434857270386e-05
"AFUB_033760-T",731.283836936291,-2.339410336966,0.536308429622981,6.25399399754171e-07,4.72201168838011e-05
"AFUB_034540-T",25468.4121001132,-1.67106879786284,0.382493578092555,6.58681125675082e-07,4.93444790163934e-05
"AFUB_047520-T",2747.00521165853,-1.66153553461888,0.377639873310768,6.97942551718523e-07,5.18803963444102e-05
"AFUB_039970-T",1465.17004990357,-1.93553648880483,0.443998011210288,7.16550445362488e-07,5.28538632352377e-05
"AFUB_018780-T",3168.51599986389,-1.47042293589022,0.333379064589371,7.39039933487847e-07,5.40965948260684e-05
"AFUB_095010-T",720.402034908025,3.34331352476152,0.782985724071736,8.08672940068098e-07,5.87451880478257e-05
"AFUB_062350-T",13031.1954599143,2.48344162549088,0.579045891730919,8.96054765035072e-07,6.4603527382867e-05
"AFUB_071330-T",1300.16044654656,-1.46406477567407,0.335563209449149,9.20078388180339e-07,6.56498817967319e-05
"AFUB_048600-T",35.2126061852655,3.88385903539704,0.907285888648598,9.24260511269038e-07,6.56498817967319e-05
"AFUB_045240-T",706.046170645496,-2.48318717148508,0.585532454889258,9.92472073712342e-07,6.99765787854974e-05
"AFUB_030800-T",1204.98074528875,-1.66542683377414,0.386885300238667,1.05432025811133e-06,7.37947222994855e-05
"AFUB_090420-T",5757.8198781718,-1.21978836517336,0.28069900858303,1.17749165051418e-06,8.18186046143514e-05
"AFUB_051350-T",134.610945399793,-1.71312788844794,0.401838438415537,1.21323099886317e-06,8.36954823604238e-05
"AFUB_038610-T",514.497764871328,1.49037716241797,0.348505548885874,1.3721526603801e-06,9.39826561456058e-05
"AFUB_004500-T",3580.87659806979,-2.22913434697539,0.535549491644965,1.46269035162409e-06,9.94733176008753e-05
"AFUB_079750-T",41.0900663447115,2.60790627952056,0.625395853758189,1.52874174742797e-06,0.000103233131099203
"AFUB_004200-T",1070.89197018652,-1.23402109258502,0.288125924345747,1.61265572475004e-06,0.000108082684311791
"AFUB_038600-T",495.286663013689,1.47357200869022,0.347351503713789,1.62310006683679e-06,0.000108082684311791
"AFUB_078020-T",616.744681717112,1.65680174036633,0.393472222664052,1.64472493924998e-06,0.000108461974721805
"AFUB_070190-T",9108.40290437956,-1.25608281957645,0.293977019179803,1.65229526648175e-06,0.000108461974721805
"AFUB_033480-T",524.160875278605,-2.00955401742936,0.482768225206083,1.66272919846754e-06,0.000108461974721805
"AFUB_073080-T",1095.52413155567,-1.17118283768689,0.272939225234332,1.6799933469352e-06,0.000108847677052443
"AFUB_090760-T",430.45632329416,1.36002572881895,0.320415353071244,1.74202079192124e-06,0.000112108975662636
"AFUB_049320-T",463.532332325142,-1.78430653379566,0.429886149861204,1.9039563284066e-06,0.000121713581553939
"AFUB_080680-T",580.343247395517,-1.42010784251985,0.338831761760536,2.03770169677807e-06,0.000129400805102019
"AFUB_102960-T",555.834612412739,-1.15456584202119,0.272101754908036,2.12871368528967e-06,0.000133902721519459
"AFUB_081370-T",2511.51617574334,1.56171783087722,0.374257534953303,2.15042301596792e-06,0.000133902721519459
"AFUB_030290-T",788.398741392461,-1.1521295907768,0.271640466169192,2.15048692397505e-06,0.000133902721519459
"AFUB_059350-T",543.483529675468,-1.09383834871858,0.257142579055319,2.1804492423203e-06,0.000134892437320061
"AFUB_055260-T",546.816755495883,-1.39334070431607,0.333727673475551,2.21785026923782e-06,0.000136326706613599
"AFUB_048130-T",630.627765451271,-1.18780431439904,0.281706829151517,2.2876177093157e-06,0.000138897238947892
"AFUB_084710-T",744.127760939341,-2.03435474853724,0.498481603006843,2.28863945706194e-06,0.000138897238947892
"AFUB_017770-T",18827.8965140361,-2.13245367131859,0.527394042094974,2.4572242074812e-06,0.000148190710223505
"AFUB_089830-T",58435.5592481744,-1.33136833901958,0.320711782259876,2.66032278829433e-06,0.000159436470105964
"AFUB_097300-T",138.03649425904,-1.34841677007352,0.326557274975007,2.88224008540173e-06,0.000171663355148554
"AFUB_070710-T",735.64774010124,2.45196407156134,0.613029655206105,3.06161156003619e-06,0.000181220945982636
"AFUB_087770-T",382.674161277072,-1.96594818759329,0.489677829280735,3.17091431342544e-06,0.000186539247554825
"AFUB_067850-T",1824.82612688052,-1.76174457509595,0.437225098467397,3.22650292500263e-06,0.000188652052121038
"AFUB_034610-T",77.599405679214,-2.15267938295743,0.542951102963192,3.6422724665156e-06,0.000211671216251019
"AFUB_066300-T",207.267104381384,-1.74557463722739,0.437008929575866,3.89190988705591e-06,0.000224816409078188
"AFUB_044770-T",272.216839334298,-1.90768923550151,0.481008914414632,3.93335593906599e-06,0.000225850000597029
"AFUB_018500-T",1286.3938554975,-1.14808433755911,0.280182508514057,4.00397365875749e-06,0.0002285363298442
"AFUB_030150-T",986.932689426385,-1.33411688266521,0.33013372864007,4.13870907705361e-06,0.000234828883667853
"AFUB_081430-T",45.3858377048955,-2.78979167983887,0.71966955361241,4.21601856160209e-06,0.000237808246983544
"AFUB_058540-T",3857.04737947929,-1.16749655766775,0.287081170117584,4.45507706192978e-06,0.000249823005537103
"AFUB_102080-T",674.537665635798,-2.10244216352058,0.536905417066233,4.54283689647573e-06,0.00025277826034234
"AFUB_011880-T",333.170271896703,-1.24578034911487,0.308435545646541,4.56050047337832e-06,0.00025277826034234
"AFUB_047970-T",832.118744780097,-1.05882359657576,0.259353933828241,4.77149392243455e-06,0.000262953190932327
"AFUB_090110-T",2817.2966560003,-2.22013983413029,0.572570395979148,4.96236361643439e-06,0.000271909169817082
"AFUB_033350-T",352.389233840766,2.52792148178522,0.65492168081258,5.07297798091449e-06,0.000276390828744256
"AFUB_098880-T",2698.96960331671,-1.20216136074874,0.299108968380362,5.24126571848363e-06,0.000283946310590619
"AFUB_051190-T",2442.07363497065,-1.43261693447159,0.361754042220662,5.29656450488755e-06,0.000284257328629731
"AFUB_046430-T",2055.48249272519,-1.11530926475423,0.276072720737159,5.30629490298486e-06,0.000284257328629731
"AFUB_051180-T",8266.86795406447,-1.62434658903938,0.414419499164677,5.43605448112988e-06,0.000289590702330858
"AFUB_038470-T",1667.53583624239,-1.66296288915853,0.42736430875676,5.97838414472824e-06,0.000316722240683973
"AFUB_084480-T",1678.75381565784,-1.45190000460471,0.369930538696248,6.0393662650036e-06,0.000318194962170986
"AFUB_070950-T",1898.96043127758,-2.00681627726625,0.524680813760848,6.53022041496371e-06,0.000342176412891186
"AFUB_079650-T",231.589628944951,-1.18715572476375,0.299763839603294,6.86267871174878e-06,0.000357642533516082
"AFUB_085100-T",83.1176233861628,-1.80800172548513,0.472170397890811,7.27106213294094e-06,0.000376876836717679
"AFUB_015700-T",283.136354088673,-1.18523472993633,0.301427753493725,7.66391483944276e-06,0.00039510365266353
"AFUB_074120-T",18831.7716797182,-1.94768340805465,0.514614045885552,7.75727162665997e-06,0.000397777955230173
"AFUB_087120-T",871.461845550089,-2.00828092736853,0.531576217888113,7.94832428286445e-06,0.000405406816746741
"AFUB_097010-T",135.805286066299,1.37703644037792,0.354858558348972,8.02584003126169e-06,0.000407194603490838
"AFUB_087780-T",1042.35128231993,1.50984951745029,0.39429687010278,8.58287719787693e-06,0.000430952096241527
"AFUB_046280-T",27.6686114348326,-2.73503519570435,0.727295982653576,8.58398689979473e-06,0.000430952096241527
"AFUB_044670-T",175.896494790156,-2.15865901280816,0.577455371764647,9.10840253663933e-06,0.000454898291269972
"AFUB_033150-T",1516.28553632132,-1.4902572609709,0.391368271463136,9.34708101870268e-06,0.000464399792167565
"AFUB_067190-T",5800.7046625605,0.9976087346557,0.254354121931889,9.46551371689559e-06,0.000467859850676865
"AFUB_039720-T",148.683769885124,1.69233222474731,0.447851979464845,9.56086023575984e-06,0.000470149173336929
"AFUB_088610-T",2207.63386271387,-1.60401661691556,0.425009746395126,9.81012385826179e-06,0.000479945294269757
"AFUB_081650-T",1328.50477997664,1.77408147213512,0.471850932128934,9.87279677708489e-06,0.000480559636017599
"AFUB_095110-T",38.9163361085121,2.44357244650578,0.658508932553418,1.01988805322551e-05,0.000493924572847443
"AFUB_099390-T",2625.71581388747,-0.968054800369336,0.246165587121877,1.02858214075766e-05,0.000495631866719861
"AFUB_035180-T",3986.60284920352,-1.62004606118308,0.432585518039363,1.08448384865965e-05,0.000519955781239871
"AFUB_035550-T",35.6906827348862,-1.81145434839874,0.485074684642652,1.12229046566847e-05,0.000535405138074374
"AFUB_097210-T",468.700277697489,-1.23269040265234,0.322873422253685,1.13412636465946e-05,0.000538373153996017
"AFUB_034590-T",97.2667048538884,-1.64547800517493,0.440891145198147,1.18619491610527e-05,0.000557395393353033
"AFUB_084550-T",4033.2639122828,-1.18475896652014,0.310362036493654,1.19029029659065e-05,0.000557395393353033
"AFUB_003170-T",1178.72983549406,-1.3376694219209,0.354067326208935,1.19163683009043e-05,0.000557395393353033
"AFUB_075780-T",102.721668992034,2.54597001141843,0.707061360692886,1.3695854700286e-05,0.000637522090878845
"AFUB_049660-T",116.524094083632,1.59292330001999,0.431356729920044,1.42323405996661e-05,0.00065929427058067
"AFUB_100420-T",6030.14631553579,-1.77416574184626,0.486973104512487,1.459598835458e-05,0.000672889097750323
"AFUB_000260-T",370.672648495062,1.41259345654629,0.381558612955572,1.53936248527651e-05,0.000706265400541458
"AFUB_019340-T",649.747539871026,1.52337624200448,0.414147583595947,1.56445661885648e-05,0.000714360691343563
"AFUB_021600-T",514.064369863094,1.50819059984629,0.412189019035994,1.6896071362885e-05,0.000767850371083905
"AFUB_101750-T",4019.68429036615,-1.24424202592502,0.336314596794344,1.76614553290888e-05,0.000795288767957644
"AFUB_051520-T",24405.277738901,-1.5319181370313,0.422059519369049,1.77721025304692e-05,0.000795288767957644
"AFUB_004490-T",650.41524582411,-1.14743347221916,0.307671335659229,1.77809893474976e-05,0.000795288767957644
"AFUB_071910-T",447.156610914837,1.16045192525388,0.311108666869422,1.79033343748767e-05,0.000795288767957644
"AFUB_078190-T",767.412578749533,-1.53760016328869,0.42453023422644,1.79145243381845e-05,0.000795288767957644
"AFUB_035770-T",4029.13116252744,-1.04940397341312,0.280908266564665,1.98624348610026e-05,0.000877699944157393
"AFUB_037650-T",37.119165554462,-2.34781732204572,0.667335650510675,2.19606901929304e-05,0.000965968157156007
"AFUB_056950-T",753.538033865571,1.21756941139992,0.333746576577932,2.29254653322511e-05,0.00100380039758427
"AFUB_000610-T",6324.34271640973,-1.81904953113963,0.518521092818726,2.33563822363611e-05,0.00101801976938394
"AFUB_044440-T",546.729706119908,2.06419494477632,0.593791253340729,2.488865419564e-05,0.00107989730806331
"AFUB_077420-T",1998.62175280005,-1.05444372361396,0.287679667454065,2.54775921934215e-05,0.00110047131325549
"AFUB_031630-T",18434.3728721431,-1.2467785428057,0.34631219820398,2.56157596848027e-05,0.00110147766644652
"AFUB_021310-T",684.68133815446,1.20783004472797,0.333938765661038,2.59517621988972e-05,0.00111094396305904
"AFUB_022390-T",1566.98630282054,0.989267408154785,0.267817756690973,2.62585086489976e-05,0.00111907928637883
"AFUB_047530-T",289.274638185075,-1.11917334739181,0.31090083287724,2.78410468121207e-05,0.00118127344195321
"AFUB_092080-T",1127.38564556595,1.95959624873015,0.566130802783431,2.79934443839121e-05,0.00118250721672834
"AFUB_078550-T",4659.28799628911,-1.07539925627525,0.296367982148828,2.83371353854301e-05,0.00119177540004776
"AFUB_065820-T",9078.47090714663,-1.28224645661936,0.362224676907516,3.08819115334774e-05,0.00129312947464854
"AFUB_090090-T",2284.87368178504,-1.31995533213339,0.374685888840429,3.16019647707432e-05,0.00131752713124633
"AFUB_055120-T",168.394678621841,1.24702336944791,0.351999924896962,3.28659319923687e-05,0.00136000827196769
"AFUB_030270-T",821.773274297541,-1.63872450892859,0.47604369229417,3.29045697253628e-05,0.00136000827196769
"AFUB_077720-T",330.702106947888,-1.51086144389467,0.436860401762396,3.4251020190772e-05,0.00140500793714024
"AFUB_041340-T",836.962015069944,1.467406827677,0.421962215092463,3.42863549161348e-05,0.00140500793714024
"AFUB_077900-T",25.1898768635503,2.50314512869564,0.744252167157672,3.64087062206785e-05,0.00148563014446845
"AFUB_030040-T",8697.09276061984,-1.83265397251267,0.545469258185026,3.71985465550514e-05,0.00151142738523893
"AFUB_084520-T",9135.49612879291,-1.11886434672604,0.317849352555597,3.97148363273858e-05,0.00160685892634305
"AFUB_046570-T",4910.41563433433,-1.60621609786202,0.475972330580718,4.23574622303395e-05,0.00170279382054237
"AFUB_016570-T",1551.40119975336,-1.24973569215339,0.361022667232219,4.24411015861536e-05,0.00170279382054237
"AFUB_038130-T",196.974885540117,1.26688130722147,0.365995574002097,4.28437080401271e-05,0.00171178465165324
"AFUB_070690-T",2255.5201598664,-1.26932815759945,0.370333991256768,4.70776651638582e-05,0.00187314411309642
"AFUB_044000-T",288.646031614952,-1.39807427481545,0.412193899577624,4.74124679231412e-05,0.00187867006163223
"AFUB_087790-T",517.609949399338,1.35322084864995,0.397395278080408,4.81711447401895e-05,0.00190087698318386
"AFUB_009640-T",460.727072372358,-1.28838903150547,0.377780177179051,4.92798753596374e-05,0.00193665870829329
"AFUB_028690-T",2382.72649116037,-1.34155208412754,0.395900911339046,4.97275934279175e-05,0.00194627711583796
"AFUB_098700-T",3104.11184435446,1.32832976713834,0.392321657103753,5.14085934135626e-05,0.00200389025301891
"AFUB_066270-T",996.911599856741,-0.950280711771391,0.27092779481718,5.4879708011567e-05,0.00213053247013326
"AFUB_097020-T",384.790489493965,1.19004199050613,0.349063493603834,5.63106303045832e-05,0.00217726868544616
"AFUB_009190-T",1516.54504410392,-1.07782536163071,0.313435235100479,5.70067661261484e-05,0.00219533285294633
"AFUB_018960-T",3437.23861490716,-1.71881470566974,0.526836051106697,5.78541415349227e-05,0.0022190534527135
"AFUB_045890-T",2172.35829857278,-0.955966652303627,0.275079467904678,5.9645378811533e-05,0.00227864357539358
"AFUB_068160-T",2180.23307620987,-1.42527755050523,0.43254561610169,6.40071160334048e-05,0.00242272206591375
"AFUB_095210-T",323.51686401849,-2.02565889649962,0.636476258675892,6.41764355577902e-05,0.00242272206591375
"AFUB_100350-T",440.681482294453,-2.01377179565242,0.631446295506894,6.42295063690189e-05,0.00242272206591375
"AFUB_030070-T",1265.64527341398,-1.09103286783654,0.321112544397855,6.5099682494738e-05,0.00242272206591375
"AFUB_073780-T",68.2484150258653,1.50860434196715,0.45837221147848,6.51154043472095e-05,0.00242272206591375
"AFUB_084130-T",1095.38982870603,-0.862724613835267,0.246016571333609,6.51619334275655e-05,0.00242272206591375
"AFUB_014820-T",17760.5765621337,1.17092182041958,0.349496786286775,6.51853470649439e-05,0.00242272206591375
"AFUB_061140-T",1050.30032605077,-1.35233260568772,0.409934506266642,6.77370713957689e-05,0.0024995964680765
"AFUB_092380-T",45.579332233358,-1.47444025009654,0.448768527872238,6.78271643881627e-05,0.0024995964680765
"AFUB_096950-T",600.35503903798,-1.33053383980859,0.403026716684276,6.80357365906733e-05,0.0024995964680765
"AFUB_035480-T",519.049419771886,2.07661460850069,0.654285244556424,6.90867477845317e-05,0.00252852223093845
"AFUB_087400-T",1304.76631749283,-1.29537537060748,0.392113591270449,7.01101214805071e-05,0.00255622036074746
"AFUB_019090-T",4009.38365730578,-0.947819833847257,0.276248082106687,7.24992953426518e-05,0.00262552961201336
"AFUB_061490-T",2897.2511026943,2.22145667250685,0.704745953836975,7.25586971721286e-05,0.00262552961201336
"AFUB_080260-T",748.730381959556,1.17257622175084,0.351482534829699,7.45484357376392e-05,0.00268738703115873
"AFUB_014810-T",10754.3240146573,-1.11665511706601,0.333520319498731,7.5142915133735e-05,0.00269867195961567
"AFUB_057770-T",234.466624462279,-1.26764807252721,0.385280611432698,7.55646657059603e-05,0.00270369246065094
"AFUB_047100-T",477.726359755924,-1.1151591564436,0.334303795102438,7.76963941250102e-05,0.00276963094150455
"AFUB_030240-T",444.17889259785,-0.991614492360437,0.292707779447043,7.86610231007199e-05,0.00279363166856594
"AFUB_077830-T",321.243363936165,-1.4562218740068,0.454537277206095,8.45330264782829e-05,0.00299109664538839
"AFUB_017000-T",153.333420762204,-1.41581690035256,0.439684038742475,8.49421964157723e-05,0.0029945247111428
"AFUB_096980-T",1735.79204240834,-1.26397040926723,0.388902548356609,8.7147869733459e-05,0.00306102902151699
"AFUB_050140-T",162.484312435287,1.09765772860965,0.330931957059837,8.74975349979638e-05,0.0030620943908594
"AFUB_074230-T",6043.24681804803,-0.85155456471192,0.249624159448962,9.25177116476651e-05,0.00322600849814349
"AFUB_041330-T",1908.77517904584,1.97055292385836,0.63426710807874,9.37871530152849e-05,0.00325842395023031
"AFUB_044810-T",975.411304016567,-1.29073439650787,0.402434430880505,9.78497657699049e-05,0.00338729748724772
"AFUB_101340-T",3386.65977613727,-1.50988955844748,0.481899954045828,0.0001015243609682,0.00350186006231678
"AFUB_086390-T",849.149150452143,0.898314037421966,0.26730488571039,0.000104598401976726,0.00359496084786677
"AFUB_090530-T",221.388885097465,-1.35360682367336,0.427032958496937,0.000105091996187188,0.00359902554085339
"AFUB_085030-T",788.592097345268,-1.10688962868917,0.341201227071724,0.000108201412217661,0.00369232505962688
"AFUB_098300-T",851.146145469069,-1.66876233971776,0.541732515695484,0.000108927352387231,0.00370391624837289
"AFUB_000740-T",202.000109026391,-1.11660058223363,0.344726395335906,0.000109853182639645,0.00372219847466982
"AFUB_000010-T",169.107921110396,-1.29239107909519,0.407387448651332,0.000111436139909599,0.00376253924504629
"AFUB_047430-T",51.1239054618378,2.52312379372387,0.847590901006983,0.00011198416002584,0.00376777582627293
"AFUB_049370-T",206.761303273808,1.34504824009434,0.426319419670687,0.00011393889727077,0.00382014016059235
"AFUB_029390-T",5931.78163385135,-0.855140049959806,0.25551573500119,0.00011809594143488,0.00394572119309779
"AFUB_094860-T",806.474718301645,-0.844662490775679,0.253152426083611,0.000123660544206758,0.00411729499443961
"AFUB_070720-T",81.1474235820155,2.55150425366325,0.874181872080459,0.000129920484821602,0.00429495212890201
"AFUB_035010-T",123.683309931857,1.5937647883136,0.5228761523804,0.000129967885686575,0.00429495212890201
"AFUB_075880-T",2038.75432481688,1.34199415424234,0.428159483247613,0.000130340084420741,0.00429495212890201
"AFUB_080430-T",119.525938419303,-1.44106840574218,0.474146729654253,0.00014495509505982,0.00476018632372812
"AFUB_034550-T",2608.62760369632,-1.2308462707494,0.396974299895399,0.000146621230298191,0.00479846749941757
"AFUB_087490-T",69.3750435201277,-1.74665632819898,0.586302179666698,0.000149808059160757,0.00487417760094483
"AFUB_021500-T",3444.79714925429,-1.27618780330087,0.414784243030266,0.000150248749222179,0.00487417760094483
"AFUB_080930-T",183.441646093824,1.50970309553391,0.500058388381177,0.000150459544256927,0.00487417760094483
"AFUB_081210-T",3323.10865714424,-1.28350312055527,0.419135133218834,0.00015149017950493,0.00489104151943694
"AFUB_088150-T",1629.07824823358,-1.66143320994106,0.559144451977038,0.000152071016545449,0.00489331871696077
"AFUB_047890-T",22.6914172143724,-2.63066483610569,0.89998103957088,0.000154252189249006,0.00494690382176829
"AFUB_084150-T",15382.9141356337,-1.54374591151011,0.516512572864328,0.000155181494817007,0.00496011784600095
"AFUB_066530-T",2222.86891012649,-1.0468799933505,0.333752628016696,0.000167922980697568,0.00533799712841675
"AFUB_081229-T",5122.88582176366,2.49004677604212,0.874333744077002,0.000168117127206368,0.00533799712841675
"AFUB_035380-T",1234.67661271196,1.52979639374102,0.50993101157548,0.000169033010724519,0.00534936481794526
"AFUB_035100-T",306.597868423758,-0.978641371913431,0.311085798916061,0.0001755257059958,0.00553656577234779
"AFUB_079870-T",115.372964348455,-1.56737087307384,0.533242215273041,0.000180121177175876,0.0056628916981622
"AFUB_101310-T",396.225264065376,-1.79114777118613,0.619803145678696,0.000182219544563339,0.00571014121835901
"AFUB_075650-T",1117.13487124195,0.829564943297315,0.25729947717567,0.000191905243589632,0.00599406964423773
"AFUB_077840-T",3207.19682733483,-1.20740059044273,0.399559329051582,0.000196536539505252,0.00611879505622034
"AFUB_000280-T",579.885477612297,0.947745815177322,0.302181366462528,0.000203983814043019,0.00630197717963289
"AFUB_062460-T",876.278489749307,1.50265429542334,0.513929230443854,0.000204082438977719,0.00630197717963289
"AFUB_017890-T",318.060284262687,2.07090019356745,0.736503883932335,0.000204525190463425,0.00630197717963289
"AFUB_041570-T",6877.48102189025,-1.15987504003087,0.383756599441226,0.000205049210558501,0.00630197717963289
"AFUB_013890-T",5226.18951259907,-1.47031144474132,0.50505265052282,0.000207767636815728,0.00636512418346971
"AFUB_039700-T",222.143488213256,1.29309606684056,0.435335216367759,0.00021242783581429,0.00648716725357717
"AFUB_057580-T",2447.3346331308,1.89233227574868,0.66684742536026,0.000214090580362577,0.00650547681402287
"AFUB_039550-T",7267.74698618739,-1.49466236728803,0.516396838756814,0.000214384260426658,0.00650547681402287
"AFUB_066460-T",3052.22899518885,-1.10667738120492,0.365373310482359,0.000216298910093972,0.00654287144760598
"AFUB_079350-T",466.004888365512,-1.28978590634183,0.435966210328441,0.000224393569555028,0.00676638345428668
"AFUB_049380-T",56.1830261227101,1.55926894033648,0.54124233524987,0.000226125329430035,0.00679722816271035
"AFUB_071360-T",493.413269604748,0.96631371876415,0.31286814637145,0.000230273077471579,0.00690027668710928
"AFUB_006510-T",208.90342782153,-1.32010404098352,0.451084975594686,0.000233242880186033,0.00696749525889057
"AFUB_021590-T",2201.86228740379,-0.772075894009039,0.241359375473798,0.00023475870763979,0.00699099766322342
"AFUB_018250-T",7447.9629683546,-1.37605506517782,0.478828408843218,0.000238148989688606,0.0070539952997832
"AFUB_016820-T",787.330749740754,-0.965354023330143,0.314337168961641,0.000238345445524013,0.0070539952997832
"AFUB_048080-T",2747.98702765772,1.0102917550467,0.330890506215082,0.000239760415102506,0.00707403883205518
"AFUB_028330-T",20.7790741105852,2.619719203739,0.956935057343542,0.000241550319760213,0.00710498777969533
"AFUB_053630-T",3332.36875807144,-1.32984951012532,0.458790314022367,0.000245984853330476,0.00721329895592029
"AFUB_044680-T",195.987276554999,-1.41902022312789,0.495828748581487,0.000250498229431546,0.00732325464030211
"AFUB_000760-T",3419.49212514228,1.14824387230008,0.387700190291663,0.000252279377366019,0.00735290866128497
"AFUB_047810-T",2130.11559848646,1.48909291594688,0.521430815705775,0.000253757813915786,0.00737358690193476
"AFUB_081340-T",12833.7906831336,1.65302640329711,0.583866250213014,0.000263183284164414,0.00762436408414672
"AFUB_075790-T",622.709512015238,1.8634406233378,0.675370655049754,0.000270959209365288,0.00780370961332623
"AFUB_013480-T",9619.84727812178,-0.936219078838973,0.307561706216078,0.000271341999390286,0.00780370961332623
"AFUB_010710-T",157.975724564772,1.52676543793955,0.541532311902919,0.000271815518912395,0.00780370961332623
"AFUB_015690-T",2224.14555639218,-1.0495970251349,0.35271680276363,0.000276961167334257,0.00792770338378563
"AFUB_047080-T",349.511247989786,-1.28573441673423,0.447483767981149,0.000280368217012334,0.0080013417646764
"AFUB_039690-T",249.528815377634,1.54990476786721,0.55432211526043,0.000287362546302283,0.00817661559790086
"AFUB_101670-T",1400.43514131293,-1.84422582867779,0.680835456724409,0.000290014207309229,0.00822765157955088
"AFUB_047460-T",5429.22423951608,0.991992239275749,0.330958155175513,0.000294916116537882,0.00834203729050663
"AFUB_044160-T",928.827841760198,-1.05946246068227,0.359003412566412,0.000296611030876301,0.00836530345609661
"AFUB_047480-T",85.7892486494359,-1.37672134142013,0.488818479093234,0.000299310160691161,0.00841667193802799
"AFUB_044800-T",2427.2623947744,-1.37996851896514,0.494130551343915,0.000318234288861666,0.00892265671314186
"AFUB_033930-T",1237.02730648908,1.10622885445079,0.382126629128269,0.000322249532913253,0.00900889437639994
"AFUB_085960-T",2049.15521001638,-1.34812980728691,0.485490276127744,0.000341912121954606,0.00953080039948464
"AFUB_009030-T",1493.97401284727,-1.42315294802887,0.51716055959724,0.000343970846573377,0.0095603955008467
"AFUB_028740-T",29785.6495238844,2.36492621435632,0.894961096254565,0.000347626846437033,0.00963408621527374
"AFUB_045120-T",154.747015857272,1.08784726927535,0.37664794410936,0.000352062081307714,0.00972888558403363
"AFUB_071310-T",159.572824793545,-1.21430591994719,0.429370757183938,0.000353424357538541,0.00973846598976169
"AFUB_021900-T",182.504569428214,-1.24299777640424,0.442898315162139,0.000359043235811236,0.00986494437877921
"AFUB_007060-T",341.131268023583,-1.01484168237935,0.348765665461059,0.000362231772001814,0.0099241156049297
"AFUB_070730-T",437.5886904694,1.69254796297098,0.635103780760552,0.000371917258323267,0.0101025439691565
"AFUB_024300-T",3403.80532209351,-1.16039302660111,0.410615095542674,0.000372144676107946,0.0101025439691565
"AFUB_101260-T",55.8558297431694,-1.51717581284694,0.561820546075431,0.000373171691725256,0.0101025439691565
"AFUB_001860-T",779.729569579112,-0.86085447750212,0.290204623143849,0.000373707065031096,0.0101025439691565
"AFUB_036280-T",551.91442612812,1.20600220616568,0.427751168025609,0.000374012212853326,0.0101025439691565
"AFUB_088140-T",127.543226231225,1.07369712618214,0.374126286678349,0.000379021555160461,0.0102090946416676
"AFUB_001440-T",7538.89144990681,1.70798070452249,0.638298306536538,0.000385279762752884,0.010348592843242
"AFUB_096730-T",162.984441095161,1.33122955988119,0.48487157811362,0.000392899434516275,0.0105162789109605
"AFUB_023940-T",1162.0190669603,0.945964967765592,0.323012863078932,0.000393716146525689,0.0105162789109605
"AFUB_099300-T",2265.83430682522,-0.875733104124943,0.29594676655406,0.000398925613073137,0.0106258269548842
"AFUB_012300-T",26953.0103583888,-0.884610848862516,0.300805691880827,0.000408595841292832,0.0108532562940636
"AFUB_007190-T",3613.4096595187,1.11441401664826,0.393272144857519,0.000410671531771076,0.0108782577849526
"AFUB_012710-T",2272.33559950352,-0.788867420758327,0.261804293586485,0.000412351083465205,0.0108926571331897
"AFUB_100120-T",18936.9825321495,1.00182793913282,0.348204576117981,0.000419550826588491,0.0110523980114205
"AFUB_038360-T",1370.93791832966,-0.963134633653855,0.333953327168569,0.00042464683917373,0.0111559960022929
"AFUB_094170-T",5134.96759730047,-1.06789329787199,0.375078470605246,0.000429054609190917,0.0112409963047314
"AFUB_022380-T",1287.16334649234,1.1955513737874,0.431224373613306,0.000441204155349608,0.0115278110235624
"AFUB_033400-T",21.7700206847288,-1.88382406882974,0.721188782310212,0.000449207698931056,0.0116920036437744
"AFUB_030790-T",13792.5101032825,-1.68262787319175,0.656199452571568,0.000449926931333064,0.0116920036437744
"AFUB_044960-T",2460.7647108252,-1.4545271599466,0.551321457382261,0.000453761982691047,0.0117597936541201
"AFUB_018260-T",488.578991467708,-1.25985427194438,0.468287539362828,0.000474189164077983,0.0122560644052393
"AFUB_016510-T",3826.62845469405,1.20422847026934,0.440172854648654,0.00048973223416914,0.0126237698748599
"AFUB_091900-T",7773.17712939589,-1.84227591612254,0.745837351440722,0.000500965257954295,0.0128688431342927
"AFUB_054910-T",2362.71321670278,-1.26560192946156,0.473544012333835,0.000501923801462662,0.0128688431342927
"AFUB_009180-T",2953.31148308466,-0.849822536928376,0.293011996368063,0.00050437424553953,0.0128971857079428
"AFUB_054220-T",15683.6861781171,-1.01275392295572,0.364216446191372,0.0005089202085434,0.0129788188290496
"AFUB_016290-T",18.5374276100581,-2.28870913653043,0.907782293443878,0.000516409252020784,0.013126453420794
"AFUB_044500-T",2819.41401595312,-0.976183595460503,0.347966077342214,0.000518874767402977,0.013126453420794
"AFUB_007470-T",3266.82356504451,-0.962130036974234,0.341551102398137,0.000519707574235505,0.013126453420794
"AFUB_020130-T",3769.74690980382,-0.968525357467769,0.3444997300308,0.000520184826353291,0.013126453420794
"AFUB_100800-T",172.169393186859,-1.34524489888301,0.512118694725292,0.000521739299485166,0.0131311237342868
"AFUB_002420-T",913.659435950347,-1.122143625259,0.412024572819623,0.000523305483782909,0.0131360635706658
"AFUB_030250-T",8906.73235535159,-0.895946937330445,0.314351212742417,0.000532902537518534,0.0133283121216328
"AFUB_091300-T",2793.3172363388,1.14783709030698,0.421089741342433,0.000533744066608299,0.0133283121216328
"AFUB_001950-T",2052.28892298155,-0.890567582289342,0.312412188150773,0.000538955177909088,0.0134234836388838
"AFUB_029950-T",1437.13324678386,2.08474358492946,0.854183915376153,0.000552481403533288,0.0137247258509863
"AFUB_091840-T",80.0370403661703,-1.44501817641396,0.559052651588789,0.00055458549202239,0.0137413960801103
"AFUB_046900-T",12341.6274080898,-0.900039158110165,0.314858104446207,0.00056120927397249,0.0138696797116552
"AFUB_002020-T",434.218695989779,-1.2012210400998,0.454174050588339,0.00056793142619781,0.0139820937064001
"AFUB_074070-T",2543.34346051621,0.826170028226741,0.285969971993532,0.000568674162633856,0.0139820937064001
"AFUB_049900-T",183.831143339979,1.30066187851089,0.496634798812587,0.000578662777724088,0.0141912976357961
"AFUB_000450-T",3250.26818190409,-0.915265615614771,0.326143344240149,0.000582498321646287,0.0142489194037404
"AFUB_029310-T",986.64354583941,-0.74789976173552,0.255179053114693,0.000590293688503035,0.0144028655955613
"AFUB_058110-T",415.282903501471,1.00278088954429,0.365161821125169,0.000607268324510066,0.0147794313800178
"AFUB_032800-T",3307.46453249637,-1.02063590224799,0.374785612453618,0.000610536025839725,0.0148213416500687
"AFUB_025190-T",2167.50024382451,1.25023079476915,0.471849353535575,0.000613867690833633,0.0148645891096053
"AFUB_092650-T",486.782975832819,1.18212608321637,0.446074525698067,0.000615770729338061,0.0148713797139251
"AFUB_005210-T",10849.656469257,-1.02928815974313,0.376181396693851,0.000617249882797182,0.0148713797139251
"AFUB_020080-T",1216.96748087171,-1.1734678093419,0.443595099843774,0.000622089195144346,0.0149504092537322
"AFUB_085740-T",5815.80827699737,1.60458429497676,0.643853104992969,0.000633521278671952,0.0151870888529634
"AFUB_049360-T",1748.75387673866,1.26086621415006,0.486382163155783,0.000650430218513337,0.0155246100505179
"AFUB_002340-T",8794.46808352391,0.768905670398549,0.264981149912807,0.000651757589845392,0.0155246100505179
"AFUB_046170-T",2985.61203545261,-1.16372944850719,0.445741766560829,0.000652457800642268,0.0155246100505179
"AFUB_020110-T",754.524250170074,-1.06890468942638,0.400853742297813,0.000662292612251793,0.015700075458358
"AFUB_015780-T",340.084231340713,0.897413762505919,0.322263830942693,0.000663106743209407,0.015700075458358
"AFUB_087620-T",568.927804427042,2.18684657197625,0.93702539059425,0.00066915731663626,0.0157918668912975
"AFUB_068500-T",4694.33402733462,-1.31924115166736,0.519320817911606,0.000670277382913556,0.0157918668912975
"AFUB_033190-T",186.754966857524,1.67945734658738,0.691370739852299,0.00068067742323457,0.0159975877730301
"AFUB_007410-T",617.804096744897,1.0379398371999,0.386926994713236,0.000685839382754204,0.0160794959443278
"AFUB_039990-T",1707.32139769597,-1.29942891847289,0.512233746825714,0.000689440325531966,0.0161244958086001
"AFUB_023710-T",3430.06131306118,-0.83009968344425,0.295906654837008,0.000700208190029756,0.0163084429189057
"AFUB_034970-T",839.312089873452,1.53911240350329,0.622671071122107,0.000700706901928163,0.0163084429189057
"AFUB_024750-T",605.918276844427,1.32313847545602,0.522057340796591,0.0007054309915599,0.0163786386878157
"AFUB_078660-T",111637.603702453,1.98477992486957,0.842589761148893,0.000725499439030169,0.0168038988426577
"AFUB_017870-T",223.965645317764,1.40851296539327,0.569438253672223,0.000751390197533356,0.0173616400099936
"AFUB_034170-T",176.286547222569,1.50760689771274,0.618154192975148,0.000760003458681942,0.017518445108897
"AFUB_062530-T",6439.30706150371,1.19750547150109,0.464530094605901,0.000778075952320636,0.0178512064554397
"AFUB_061480-T",2959.62000409241,1.79253849503385,0.761063029205266,0.000778162926100095,0.0178512064554397
"AFUB_025940-T",547.339085534934,0.783425983608547,0.278580765735557,0.000788964938091217,0.0180558109578918
"AFUB_067770-T",2239.3343517227,-0.764933092645476,0.272259589012832,0.00080999889132467,0.0184930461164578
"AFUB_033410-T",40.0889925943547,-1.2297671542309,0.486034265321618,0.000817608643916501,0.0186224448610815
"AFUB_080330-T",931.848862786907,-0.916803576581843,0.341532423107349,0.000829471407936428,0.0188478704519014
"AFUB_057840-T",933.999282726167,-1.19559169573589,0.477575524432877,0.000848250325454224,0.0192290126968808
"AFUB_051840-T",1863.7197282826,1.76205915610251,0.757871083181567,0.000851379780127847,0.0192538304307509
"AFUB_092580-T",921.28104781306,-0.904262196335331,0.337036491164736,0.00085336092742404,0.0192538304307509
"AFUB_057540-T",1759.30425230459,-1.0680203834094,0.415755229479469,0.000863348541777433,0.0194138527048122
"AFUB_033060-T",157.474316818058,-1.04556757494555,0.403574573699274,0.000864502565956283,0.0194138527048122
"AFUB_101680-T",289.450833874857,-1.77389759909782,0.778468447717542,0.000881370897047168,0.0197464147938909
"AFUB_100150-T",1882.43366355552,1.91023306052607,0.841031205477198,0.000902638146741837,0.0201757510235605
"AFUB_020190-T",78.5396161204233,1.30139743317037,0.53367195868721,0.000919182512135283,0.0204977700206168
"AFUB_055140-T",1237.84441910464,1.16835866794067,0.4668770145456,0.000924470378202203,0.0205678572078444
"AFUB_096490-T",909.134768593667,1.04611365436286,0.40896782358839,0.000943430638345069,0.0209411027571548
"AFUB_033530-T",3744.83896252362,1.38420846410346,0.574175573749864,0.000945661873882977,0.0209421517521106
"AFUB_093620-T",4917.0714992401,-1.18066612751529,0.478755778857964,0.000950329109085768,0.0209593362636697
"AFUB_025910-T",182445.985048204,1.96738135882721,0.871651671091373,0.000950809393544301,0.0209593362636697
"AFUB_042280-T",102186.029242313,1.96574059942241,0.879674059174942,0.000958459704016076,0.0210795185821334
"AFUB_017330-T",2284.63872708203,1.22705954600218,0.499890169285508,0.000964055146760498,0.0211540613324632
"AFUB_024180-T",286.076089766724,-0.795916775629,0.292262451939948,0.000968878560536099,0.0212113619109147
"AFUB_062510-T",92.8132582793939,1.70491529842251,0.756280984243016,0.00100996507356842,0.0220563408618026
"AFUB_095800-T",505.384398836216,1.88219717800773,0.854123461881206,0.00101207529243854,0.0220563408618026
"AFUB_046580-T",3377.29670681536,0.811379954643689,0.300751626577884,0.00102919487240845,0.0223785705930263
"AFUB_035000-T",4223.16416543205,-0.90444274149996,0.347283813987316,0.001050321006678,0.0227838374020304
"AFUB_102050-T",5377.28428322068,-1.18335236342394,0.490899471167761,0.0010525852507143,0.0227838374020304
"AFUB_006240-T",299.760372298414,1.36027258719424,0.57873834422289,0.00106161302855591,0.0229274939883392
"AFUB_058120-T",451.914938790333,0.856164915887689,0.323768658904594,0.00107584265972051,0.0231825960990111
"AFUB_033210-T",1494.50362462992,1.92818501322927,0.889334231603986,0.00109326183904372,0.0234651816208649
"AFUB_094800-T",493.17129186337,-0.826458253654799,0.315652496829889,0.00109385089003302,0.0234651816208649
"AFUB_099580-T",186.816457824905,-0.858223216891642,0.326553312102443,0.00109631411517112,0.0234655268981603
"AFUB_065480-T",7938.09578438817,-0.861139178566673,0.328671412449858,0.00110666810736368,0.0236343886002457
"AFUB_041160-T",149.070844921477,1.06167052433103,0.427344084560714,0.00111414239970208,0.0236928255364079
"AFUB_100960-T",810.781561095691,-0.870338174882476,0.333396558370849,0.00111434605453332,0.0236928255364079
"AFUB_092430-T",295.709434796378,1.09219898982148,0.445262943779652,0.00113929754649627,0.0241281309285475
"AFUB_050360-T",504.319023024743,-0.880657802571721,0.339178227933697,0.00113985225890416,0.0241281309285475
"AFUB_057870-T",259.090513991016,1.10227697881541,0.451766467678942,0.001153816402711,0.0243699239770831
"AFUB_057550-T",68.1812241342031,-2.13056900734627,1.02813888197052,0.0011682754720519,0.0246210846186938
"AFUB_071740-T",14.166274661568,1.88424716370342,0.851925868446321,0.00117394506555081,0.0246631818570823
"AFUB_002070-T",253.59075594747,0.862209232526305,0.330703568413137,0.00117541705169325,0.0246631818570823
"AFUB_100360-T",3394.47775142864,-0.796526594127586,0.300548875607635,0.00118513104849303,0.0247892364242774
"AFUB_099750-T",31655.7887543184,-0.979215218405971,0.391324556228831,0.0011869384123536,0.0247892364242774
"AFUB_060430-T",3081.80091879248,-0.940617137528311,0.371576518923778,0.00118918018095397,0.0247892364242774
"AFUB_064830-T",70788.5007369234,1.81038464799613,0.819058088170027,0.00121248645269336,0.0252202442405132
"AFUB_046920-T",748.478012506612,-0.836026509174419,0.320968900519289,0.0012254622870278,0.0254324424475575
"AFUB_032200-T",10422.3816929963,-1.195988435592,0.508481261517948,0.00122799258037534,0.0254324424475575
"AFUB_056340-T",2362.02209665306,-1.12519668383427,0.470758865176061,0.00123984768061328,0.0256226280375017
"AFUB_034290-T",263.498856327468,1.08005060006743,0.446154366347104,0.00125103922354223,0.025766280497071
"AFUB_077580-T",2257.63579818433,1.99245189151328,0.958517261971609,0.00125361209671486,0.025766280497071
"AFUB_081980-T",1303.94885184008,0.900962963625886,0.353000167502577,0.00125486004715113,0.025766280497071
"AFUB_050370-T",4943.86426374317,-1.17000915587584,0.499992175715444,0.00126424187429229,0.0259034515653607
"AFUB_045200-T",110.160748859534,1.86754340265389,0.893262348505442,0.00127677482004528,0.0260941162725308
"AFUB_078230-T",23061.8193520377,1.80503518767445,0.830840864949472,0.00127898995182913,0.0260941162725308
"AFUB_088840-T",1270.58348682362,-0.753519027519012,0.283315747574883,0.00128920671766347,0.02623017207566
"AFUB_071210-T",204.727581730124,-1.26141506553826,0.547890159517677,0.00129112954632511,0.02623017207566
"AFUB_019720-T",4676.74122402696,-0.916866406219767,0.365388089177116,0.00130413372633981,0.0264383473612525
"AFUB_071340-T",5539.66562799214,-0.944272026792785,0.379387995057205,0.00131312431986118,0.0265644495847023
"AFUB_084900-T",6021.12555502716,0.8910110138958,0.353864674157757,0.00131878770127481,0.0266228531947878
"AFUB_096910-T",550.734869375155,-0.71641770575214,0.267623046889637,0.00135881080107914,0.027323969758559
"AFUB_080170-T",7234.88405663583,-0.887368216364282,0.352620112308507,0.00136199235052273,0.027323969758559
"AFUB_090100-T",339.578059913035,-0.86528173975694,0.340759055882045,0.00136206669565035,0.027323969758559
"AFUB_029320-T",11946.9301943201,-0.840144818375411,0.326834809361478,0.00137407838173084,0.0275073853912672
"AFUB_086960-T",2481.76509805577,1.87010654894838,0.906935559621256,0.00137731015585686,0.0275146397593988
"AFUB_030090-T",1580.96992816401,-0.835488010158615,0.326735836429006,0.00139253200912779,0.02775357540287
"AFUB_070700-T",297.909491214284,-0.874950580233221,0.346299786571974,0.00139505927043314,0.02775357540287
"AFUB_057590-T",833.107814770987,1.12143043705625,0.476409387244342,0.00140720073434085,0.0279371590923281
"AFUB_001520-T",49683.2448438921,2.03401920281746,0.984032466294253,0.00141947389252875,0.0281225932964012
"AFUB_079770-T",760.229469588971,1.19473081243282,0.520013395697374,0.00146527823287358,0.0289344641145812
"AFUB_094470-T",53798.9059501351,1.75708409867854,0.84164617028353,0.00146836421644243,0.0289344641145812
"AFUB_071090-T",306.914229138054,-0.998645644662142,0.414932082078897,0.00147320071794999,0.0289344641145812
"AFUB_081080-T",244.120030268027,-0.914110500975503,0.369621805998529,0.00147420851155126,0.0289344641145812
"AFUB_066370-T",5116.10012014501,1.86176316289751,0.91697379247319,0.00147553998874024,0.0289344641145812
"AFUB_068180-T",8515.48782367129,-1.18391026426635,0.520946952536725,0.00149933179143449,0.0293410052001334
"AFUB_035570-T",41.4650745569087,1.9835552390286,1.00310660760159,0.00151371228997424,0.0295620919522667
"AFUB_076340-T",7338.61749477859,-1.00235631035615,0.420490686460162,0.00153291615482805,0.0298762866029395
"AFUB_046420-T",1679.01928933244,1.23206475502195,0.547139712268057,0.00154120387059719,0.0299768842092423
"AFUB_097660-T",1372.02265825345,-1.4685173671886,0.693636571101492,0.0015556897352683,0.0301973863795298
"AFUB_081050-T",87.0813110570294,1.14757053286161,0.499883595475006,0.00156289599594363,0.0302476475471686
"AFUB_087030-T",867.817083426438,1.75583610707127,0.869514742205108,0.00156458788021646,0.0302476475471686
"AFUB_101320-T",1002.69009086095,-1.08022703987677,0.466990619431466,0.00157716568615376,0.0304294602908016
"AFUB_046630-T",454.762486623194,1.17916844144707,0.520038566523781,0.00158421044280315,0.0305040038876294
"AFUB_039680-T",319.345159387584,0.769209176070888,0.298584788793146,0.00158763342525354,0.0305086511317759
"AFUB_097050-T",1052.73720547451,0.714420262173081,0.272377150575456,0.00161589461266499,0.0309896268816893
"AFUB_049090-T",16.4278761140589,2.10955726464296,1.066902651098,0.00163614113714186,0.0312896850242381
"AFUB_084740-T",1018.18291190039,-0.723721407594517,0.278319750446933,0.00163806673085489,0.0312896850242381
"AFUB_092520-T",340.707546316244,2.04620511910211,1.08594174076066,0.00168316644058498,0.0320872425422849
"AFUB_049180-T",1602.78689367058,-0.760108461735627,0.299533180763433,0.00176067058419301,0.0334981552218786
"AFUB_050450-T",38171.765038384,-1.01128032951498,0.436701553077547,0.00176906386734961,0.0335871337676567
"AFUB_077980-T",702.52117969118,1.70502371708344,0.862538162846807,0.00177235266309671,0.0335871337676567
"AFUB_002950-T",1085.31068951447,0.745461208485494,0.291659016013786,0.00179141326344481,0.0338813841877165
"AFUB_020670-T",39752.3266494863,1.73358056784116,0.886075183815879,0.00181693029221259,0.0342963475827294
"AFUB_067760-T",2186.89902851694,-0.728290434178527,0.284723289239195,0.00182080402167532,0.0343019445262173
"AFUB_099140-T",67623.5307876917,1.18069047575387,0.521495260471412,0.00184616662970174,0.0347115525729607
"AFUB_085040-T",1568.53434675122,-0.860790628596126,0.356228773229936,0.00188212061132041,0.0353183063443275
"AFUB_000030-T",69.1881955123283,-1.17008916523109,0.536431948486612,0.00190159641813359,0.035614078229459
"AFUB_037640-T",2214.15578874415,1.0605346892045,0.4681971074167,0.00191797653806505,0.0358508324044946
"AFUB_040620-T",19051.201705947,-0.756018459348632,0.301817604909043,0.00193404901785667,0.0360067457001586
"AFUB_083930-T",1040.26976964549,-0.68692253500197,0.266471500855763,0.00193482778071363,0.0360067457001586
"AFUB_084100-T",127.21541414513,1.42334703206863,0.695846795644331,0.00193758272825965,0.0360067457001586
"AFUB_046700-T",691.969237224967,-1.06824942695179,0.478895948300449,0.00195396634590473,0.0361993707447974
"AFUB_001930-T",1207.50960194554,-0.761004150457975,0.30476313457691,0.00195549838834133,0.0361993707447974
"AFUB_101270-T",34.5065984590728,-1.32348304811213,0.635086484644746,0.00195939005958165,0.036201524626837
"AFUB_001370-T",733.378587545017,1.02070901440817,0.448059621853543,0.00198343231612986,0.0365490319049913
"AFUB_029850-T",1640.0971962028,-0.68770899917135,0.267906710294704,0.00198582183986865,0.0365490319049913
"AFUB_086280-T",782.219187309105,0.726560422810958,0.286823064142059,0.00199243068205604,0.0366004172609873
"AFUB_054390-T",18.8326272560754,1.58986074430324,0.799050808164555,0.00200354670198897,0.0366342540814027
"AFUB_033740-T",386.925790611219,0.934075123198755,0.399548047264645,0.00200360476840322,0.0366342540814027
"AFUB_035590-T",122.5636388505,-0.922252812040488,0.394278790776822,0.00200573400695969,0.0366342540814027
"AFUB_070890-T",34.0923982232374,-1.54060863485321,0.788845589163373,0.00201025560576467,0.0366470361286642
"AFUB_031120-T",2398.03276111805,-0.932187562686087,0.400302307703628,0.00202093213708489,0.0367379188416772
"AFUB_010350-T",27053.6039737286,-0.786073821281501,0.315387812019017,0.00202290344649135,0.0367379188416772
"AFUB_073570-T",1092.57776181982,-0.878519027007169,0.371777951614969,0.00206831504642723,0.0374916313425156
"AFUB_078030-T",387.560594743668,1.06037872237182,0.477330133558085,0.00210100719642417,0.0380123735971913
"AFUB_076150-T",3831.28676624029,1.53147103855538,0.783473258636646,0.00213282324964731,0.0385153335986215
"AFUB_029460-T",1190.41241221529,-1.14718845024015,0.537712359094961,0.00214666850678914,0.0386740880570681
"AFUB_044200-T",312.932858142356,-0.941494171077992,0.410366218683629,0.00214968077322112,0.0386740880570681
"AFUB_081440-T",38.4324936368627,1.2624748155169,0.607047760429341,0.00216012135882156,0.0387891455238575
"AFUB_055180-T",192.831915930787,0.967699975207519,0.425332508199474,0.00218315447642905,0.0391294734102396
"AFUB_062430-T",430.890770152206,1.67062416193743,0.899177309697726,0.0021959554893961,0.0392854798280208
"AFUB_067700-T",696.106343056833,0.899447758408387,0.387011962459023,0.00222268320974732,0.0396895890098083
"AFUB_079330-T",853.500810837835,-1.00066325544403,0.45440510457612,0.00223726608052954,0.0398757331713713
"AFUB_101280-T",26.8179901813126,1.34493949657593,0.661965757265654,0.00224286029117106,0.0399012751985887
"AFUB_084750-T",6486.58214456451,-1.08693014489366,0.505243572624719,0.00225478536264993,0.0400391423008336
"AFUB_044820-T",815.690002830503,-1.13854239458159,0.538793575987279,0.00226982002508152,0.0402316159343931
"AFUB_043270-T",3897.62372956503,-0.737338633580229,0.300447670392927,0.00227972895931333,0.0403326955550839
"AFUB_094550-T",4451.80704270099,0.715649838888745,0.287269033588193,0.00229708550309214,0.0405649224477911
"AFUB_072010-T",198.357190511121,-1.02593298039839,0.467139682388766,0.00230658337275043,0.0406577719876909
"AFUB_102090-T",48.519205819205,-1.3049023302881,0.647551407885907,0.00236824042407235,0.0416679952778528
"AFUB_072830-T",19118.6515900386,-0.761667704993227,0.314661619857245,0.00237687093546727,0.0417432516487101
"AFUB_075250-T",65.3121047995926,-0.992829278998931,0.449408139165627,0.00239876572977549,0.0420476528862445
"AFUB_071770-T",123.117379897338,1.30062134546296,0.65167433699264,0.00240828019061329,0.0420476528862445
"AFUB_057850-T",3685.55714410265,1.46866618635763,0.770124477253698,0.00241138943119166,0.0420476528862445
"AFUB_023180-T",6298.44719674386,-1.02387943291486,0.471997206507338,0.00241230144749893,0.0420476528862445
"AFUB_100670-T",1348.8905684259,-0.975853656131586,0.443298793613959,0.00241612855775584,0.0420476528862445
"AFUB_068480-T",2898.22989338359,-0.642921465670439,0.253000157719154,0.00243111573375204,0.0422318274836021
"AFUB_020030-T",1070.75501714639,-0.71801816474353,0.293985571791559,0.00244888817045596,0.0424636323083222
"AFUB_070850-T",1662.7427781534,-1.25185800055599,0.630513530142173,0.00247932415411359,0.0429137893750816
"AFUB_034510-T",288.766699609232,1.10382087053052,0.523615358548572,0.00248669239035734,0.0429408839027421
"AFUB_044150-T",473.585419314843,-0.741686691082854,0.306319923209204,0.00248984580768846,0.0429408839027421
"AFUB_071780-T",80.9950232028372,0.938596110446589,0.419814797834819,0.00252181050320337,0.0434140770470684
"AFUB_021280-T",989.445560061365,1.10441492320499,0.525987181790416,0.00254113931487595,0.0436684317031281
"AFUB_047440-T",11198.3535658107,0.964808553707105,0.437616325936616,0.00258561021947646,0.044297123862138
"AFUB_079790-T",2369.41249826668,0.82321617815044,0.35630784461446,0.00258696312053366,0.044297123862138
"AFUB_034180-T",2424.20573814079,0.898549882629337,0.394099230155597,0.00259575620921006,0.0443684604101877
"AFUB_044450-T",12313.822677424,-0.898901702637777,0.398999575931736,0.00263116619079335,0.0448936879066146
"AFUB_017300-T",6906.94760908772,0.626312046418071,0.245064805789629,0.00263835451673956,0.0449363791492285
"AFUB_046350-T",157.197869362438,1.40578511279322,0.748364491725558,0.00264753884708955,0.0450128546183363
"AFUB_087090-T",232.510787165984,-1.04310278661217,0.493878832766351,0.0026790077200641,0.0454672655357427
"AFUB_076180-T",2790.95366766726,1.30470429200734,0.674817224143475,0.00274944536646943,0.046580267878225
"AFUB_002200-T",4313.8441772695,-0.848256693937432,0.374136527669398,0.00276180323187017,0.0466272374594194
"AFUB_055630-T",2175.89912067907,1.43622478322105,0.776008780073138,0.00276194294263742,0.0466272374594194
"AFUB_099640-T",69.6731598618994,1.73698313663674,1.04069642208065,0.00279785542219794,0.0471324213546984
"AFUB_031680-T",561.993413875482,-1.08696642454159,0.53037191274732,0.00280169779666056,0.0471324213546984
"AFUB_001570-T",3840.85825294615,-0.803983897959053,0.349026241186551,0.00283317425467174,0.0475022344121975
"AFUB_014060-T",670.407689581233,1.0410153014041,0.496898633310472,0.00283358828697226,0.0475022344121975
"AFUB_062170-T",916.257791673017,0.884948475758034,0.398999843359322,0.0028462805762164,0.0476317355066999
"AFUB_003520-T",20638.2702034982,1.75232249782395,1.04210234657939,0.00285633018551753,0.0477166378901178
"AFUB_053870-T",2554.66719862113,-1.03021370828794,0.501130561986701,0.00286896002497522,0.0478442742251955
"AFUB_045080-T",10.1615045703073,1.735943075708,0.972177674687584,0.00294011345591134,0.0489457429318296
"AFUB_087760-T",326.126971957233,-1.22078683267612,0.635036123357334,0.00295399776780658,0.0490916544116071
"AFUB_016160-T",872.339070975786,-0.628631106541337,0.253205158266606,0.00297381003432129,0.0493354055693891
"AFUB_040490-T",8151.14829054119,-0.991689518976552,0.473651302470062,0.00299771286917461,0.0496312096109033
"AFUB_081660-T",33.4341523397565,1.49831881239733,0.849183879462457,0.00300199202985962,0.0496312096109033
"AFUB_096880-T",525.951423498448,-0.688328805591192,0.286180771093072,0.00301730225547112,0.0497921662550499
"AFUB_077530-T",38.2651043714689,-1.2956214453034,0.683697374421282,0.00302211291692972,0.0497921662550499
"AFUB_032890-T",339.841534353044,-0.770388067995888,0.332878626176073,0.00303228160327031,0.0498622596412167
"AFUB_091820-T",737.541708177242,0.9260623612648,0.426498975089594,0.00303676709046517,0.0498622596412167
"AFUB_079180-T",1129.42633110897,0.742958827136656,0.3162634589958,0.0030481575379179,0.0499637309933243
"AFUB_024140-T",66270.710280996,1.80013048944361,1.0533253562845,0.00305518864228128,0.0499935219980123
